restaurant_id,name,location,phone,operating_hours,website,cuisine_type,reservation_information
REST0001,Arby's,"170 Pooler Pkwy, Pooler",748-7496,,,Fast Food,
REST0002,Arby's Roast Beef,"307 Mall Blvd, Savannah",354-8657,,,Fast Food,
REST0003,Arby's Roast Beef,"11111 Abercorn St, Savannah",927-4687,,,Fast Food,
REST0004,Atlanta Bread Company,"5500 Abercorn St, Savannah",691-1949,,,Bakery/Café,
REST0005,B & D Burger,"209 W Congress St, Savannah",238-8315,,,Fast Food,
REST0006,B & D Burgers,"11108 Abercorn St, Savannah",927-8700,,,Fast Food,
REST0007,B & D Burgers,"13 E Broughton St, Savannah",231-0986,,,Fast Food,
REST0008,B Matthews Eatery,"325 E Bay St, Savannah",233-1319,,,American,
REST0009,Bamboo Garden,"13051 Abercorn St, Savannah",927-9688,,,Chinese,
REST0010,Barberitos Restaurant,"4525 Habersham St, Savannah",349-6750,,,Mexican,
REST0011,Barnes BBQ Express,"109 Whitaker St, Savannah",236-1557,,,BBQ,
REST0012,Bayou Café Restaurant – Rhythm & Blues Entertainment,"14 N Abercorn St, Savannah",912-233-6411,"Lunch & Dinner, Mon–Sat 11 a.m.–3 a.m.; Sun 11 a.m.–2 a.m.",www.bayousavannah.com,Cajun / Southern,
REST0013,Bobo Seafood Market,"2800 Montgomery St, Savannah",232-5757,,,Seafood,
REST0014,Bojangles,"29 W DeRenne Ave, Savannah",353-7787,,,Fast Food,
REST0015,Bonefish Grill,"5500 Abercorn St, Savannah",691-2575,,,Seafood,
REST0016,Burger King Restaurant,4241 Augusta Rd,964-5929,,,Fast Food,
REST0017,Burger King Restaurant,601 Martin Luther King Jr Blvd,234-9906,,,Fast Food,
REST0018,Burger King Restaurant,7923 White Bluff Rd,927-2244,,,Fast Food,
REST0019,Burger King Restaurant,415 E Highway 80,748-4769,,,Fast Food,
REST0020,Cajun Cafe,"7804 Abercorn St, Savannah",354-2001,,,Cajun,
REST0021,Cajun Cafe,"14045 Abercorn St, Savannah",920-9227,,,Cajun,
REST0022,Cancun Mexican Restaurant,"5500 Abercorn St, Savannah",356-1139,,,Mexican,
REST0023,Cancun Mexican Restaurant,216 Johnny Mercer Blvd,898-0368,,,Mexican,
REST0024,Carey Hilliards Restaurants,"198 Pooler Pkwy, Pooler",330-0700,,,BBQ & Seafood,
REST0025,Caribbean Cuisine,"7094 Hodgson Memorial Dr, Savannah",355-7858,,,Caribbean,
REST0026,Carlito's Mexican Bar & Grill,"119 Martin Luther King Jr Blvd, Savannah",232-2545,,,Mexican,
REST0027,Carrabba's Italian Grill,"10408 Abercorn St, Savannah",961-7073,,,Italian,
REST0028,Casbah Moroccan Restaurant,"118 E Broughton St, Savannah",234-6168,,,Moroccan / Middle Eastern,
REST0029,Chef Wan Chinese Restaurant,342 Johnny Mercer Blvd,897-0280,,,Chinese,
REST0030,Chef's Ho Chinese Take Out,"1302 W Bay St, Savannah",236-3466,,,Chinese,
REST0031,Chen's Chinese Restaurant,"20 E DeRenne Ave, Savannah",354-3020,,,Chinese,
REST0032,Chen's Chinese Restaurant,"20 E DeRenne Ave, Savannah",356-0321,,,Chinese,
REST0033,Cherry Den LLC,"6801 Abercorn St, Savannah",352-3700,,,,
REST0034,Chick-fil-A,"11152 Abercorn St, Savannah",921-0200,,,Fast Food,
REST0035,Cotton Exchange Tavern & Restaurant,"201 E River St, Savannah",232-7088,,,American (Seafood/Steaks),
REST0036,Crab Shack,40 Estill Hammock Rd,786-9857,,,Seafood,
REST0037,Cracker Barrel Old Country Store,"1000 East Hwy 80, Pooler",748-7744,,,American,
REST0038,Jazz'd Tapas Bar,"52 Barnard St Savannah, GA 31401",236-7777,,https://www.jazzdsavannah.com,Tapas & Cocktail Bar,
REST0039,JERSEY'S PIZZA,"4927 Waters Av, Savannah, GA",354-2368,,www.jerseystylepizza.com,Pizza,
REST0040,Kenndy's Fried Chicken,"2201 Waters Ave, Savannah",234-2268,,,Southern,
REST0041,Kentucky Fried Chicken,"4402 Highway 21, Garden City",966-5854,,,Fast Food,
REST0042,Kentucky Fried Chicken,405 W Gwinnett St,234-4793,,,Fast Food,
REST0043,Kikko's Asian Buffet,"2504 Skidaway Rd Savannah, GA",238-8815,,,Asian Buffet,
REST0044,Kim Chi II Korean Restaurant,"149 E Montgomery Cross Rd Savannah, GA",920-5411,,,Korean,
REST0045,Kim Chi II Korean Restaurant,"149 E Montgomery Cross Rd Savannah, GA",920-7273,,,Korean,
REST0046,Krystal,"2804 Bee Rd Savannah, GA",352-4598,,https://www.krystal.com,Fast Food,
REST0047,Krystal,"5405 Abercorn St Savannah, GA",354-8893,,https://www.krystal.com,Fast Food,
REST0048,Krystal,"4814 Augusta Rd Garden City, GA",964-6872,,https://www.krystal.com,Fast Food,
REST0049,Krystal,"1003 Abercorn St Savannah, GA",925-0906,,https://www.krystal.com,Fast Food,
REST0050,Krystal,"4020 Abercorn St Savannah, GA",927-8890,,https://www.krystal.com,Fast Food,
REST0051,Lai Wah Chinese Take-Out Restaurant,"7010 Skidaway Rd Savannah, GA",356-5888,,,Chinese,
REST0052,Lil Pizza & Sub,"1117 S Rogers St Pooler, GA",988-1389,,,Pizza & Subs,
REST0053,Lime Grill,"125 E Broughton St Savannah, GA",233-4567,,,American Grill,
REST0054,Long Branch Lounge And Restaurant,"2411 Skidaway Rd Savannah, GA",232-6175,,,American (Bar & Grill),
REST0055,LongHorn Steakhouse,"7825 Abercorn St Savannah, GA",352-4784,,https://www.longhornsteakhouse.com,Steakhouse,
REST0056,LongHorn Steakhouse,"300 Pooler Pkwy Pooler, GA",330-8560,,https://www.longhornsteakhouse.com,Steakhouse,
REST0057,Love's Seafood Restaurant,"6817 Chief of Love Rd Savannah, GA",925-3616,,,Seafood,
REST0058,Lovezzola's Pizza & Sub,"320 E Highway 80 Pooler, GA",748-6414,,https://www.lovezzolas.com,Pizza & Subs,
REST0059,Lulu's Chocolate Bar,"42 Martin Luther King Jr Blvd Savannah, GA",238-2012,,,Dessert & Cocktail Bar,
REST0060,M & R Hip Hop Fish & Chicken,"1340 W Bay St Savannah, GA",349-5547,,,Fried Chicken & Seafood,
REST0061,Ma Hannah's Chicken and Waffles,"724 W Oglethorpe Ave Savannah, GA",349-4993,,,Soul Food,
REST0062,Ma Hannah's Chicken and Waffles,"724 W Oglethorpe Ave Savannah, GA",234-2524,,,Soul Food,
REST0063,Macaroni Grill,"7804 Abercorn St Savannah, GA",692-1483,,,Italian,
REST0064,MacElwee's Seafood Restaurant,"101 Lovell Ave Tybee Island, GA",786-8888,,,Seafood,
REST0065,McDonalds,"246 W Broughton St Savannah, GA",236-4494,,https://www.mcdonalds.com,Fast Food,
REST0066,McDonalds,"7001 Highway 21 Port Wentworth, GA",963-0073,,https://www.mcdonalds.com,Fast Food,
REST0067,McDonald's Restaurant,"903 E Highway 80 Pooler, GA",748-5441,,https://www.mcdonalds.com,Fast Food,
REST0068,McDonald's Restaurant,"1A Gateway Blvd Savannah, GA",961-0802,,https://www.mcdonalds.com,Fast Food,
REST0069,McDonald's Restaurant,"13100 Abercorn St Savannah, GA",927-0876,,https://www.mcdonalds.com,Fast Food,
REST0070,McDonald's Restaurant,"475 Johnny Mercer Blvd Savannah, GA",897-4220,,https://www.mcdonalds.com,Fast Food,
REST0071,McDonald's Restaurant,"4735 E Highway 80 Savannah, GA",897-3550,,https://www.mcdonalds.com,Fast Food,
REST0072,Mercer's Steak and Seafood,"444 Johnny Mercer Blvd Savannah, GA",898-0268,,https://www.mercerssteakandseafood.com,Steak & Seafood,
REST0073,Michael's Restaurant,"3811 Montgomery St Savannah, GA",236-5525,,,American,
REST0074,Middle Eastern Cuisine,"142 Montgomery St Savannah, GA",443-0414,,,Middle Eastern,
REST0075,Midtown Deli and Bagel Shop,"7805 Abercorn St Savannah, GA",355-8717,,,Deli & Bagels,
REST0076,Ming Garden Restaurant,"2510 Montgomery St, Savannah",231-6688,,,Chinese,
REST0077,Mirage The,"20 E Broughton St, Savannah",236-5464,,,,
REST0078,Miwa Japanese Restaurant,"125 Foxfield Way, Pooler",748-8228,,,Japanese,
REST0079,Miyabi Kyoto Steak House,"200 Eisenhower Dr, Savannah",352-7300,Mon–Thu 4:30pm–10:00pm; Fri 4:30pm–10:30pm; Sat 4:00pm–10:30pm; Sun 4:00pm–9:30pm,,Japanese Steakhouse / Sushi,Reservations accepted (912-352-7300)
REST0080,Moe's Southwestern Grill,"7801 Abercorn St, Savannah",303-6688,,,Fast Food,
REST0081,Moe's Southwestern Grill,"150 W St Julian St, Savannah",335-2520,,,Fast Food,
REST0082,Molly MacPherson's Scottish Pub & Grill,"311 W Congress St, Savannah",239-9600,,,Scottish Pub,
REST0083,Mr Sze Chinese Restaurant,"3010 Hwy 80, Bloomingdale",748-8485,,,Chinese,
REST0084,New China Dragon,3810 Montgomery St,232-9166,,,Chinese,
REST0085,New China Garden Restaurant,"12322 Largo Dr, Savannah",920-3028,Mon–Sat 11:00am–10:00pm,,Chinese,
REST0086,New China Restaurant,"105 Highway 80 SE, Pooler",988-1219,,,Chinese,
REST0087,New Green Tea,"4624 Augusta Rd, Savannah",966-0200,,,Chinese,
REST0088,New Mandarin Wok,"1 Diamond Causeway, Savannah",352-9999,,,Chinese,
REST0089,Outback Steakhouse,"11196 Abercorn St Savannah, GA",920-0555,,,Steakhouse,
REST0090,Over Time Sports Bar & Grill,"4429 Skidaway Rd Savannah, GA",349-7684,,,Sports Bar / American Grill,
REST0091,Ozzy's Grill Sandfly,"7403 Skidaway Rd Savannah, GA",354-0006,,,American Grill,
REST0092,Pakwan Indian Cuisine,"7102 Abercorn St Savannah, GA",349-4261,,,Indian,
REST0093,Pearl's Saltwater Grille,"7000 LaRoche Ave Savannah, GA",352-8221,,,Seafood,
REST0094,Pirates' House,"20 E Broad St Savannah, GA",233-5757,,,Southern / Seafood,
REST0095,Pita Pit,"101 Little Neck Rd Savannah, GA",927-2819,,,Mediterranean / Sandwiches,
REST0096,Pita Pit,"9 Mill Creek Cir Pooler, GA",748-2545,,,Mediterranean / Sandwiches,
REST0097,Pizza Hut,"50 Burnt Church Rd, Bluffton",843-815-5474,,https://www.pizzahut.com,"Pizza, Pasta, Wings",
REST0098,Pizza Hut,"211 Hwy 80 W, Pooler",912-330-8129,,https://www.pizzahut.com,"Pizza, Pasta, Wings",
REST0099,Pizza Hut,"60 Exchange St, Richmond Hill",912-459-0590,,https://www.pizzahut.com,"Pizza, Pasta, Wings",
REST0100,Pizza Hut,"10856 N Jacob Smart Blvd, Ridgeland",843-726-8446,,https://www.pizzahut.com,"Pizza, Pasta, Wings",
REST0101,Pizza Hut,"5667 Hwy 21 South, Rincon",912-826-6388,,https://www.pizzahut.com,"Pizza, Pasta, Wings",
REST0102,Pizza Hut,"2405 Skidaway Rd, Savannah",912-236-6070,,https://www.pizzahut.com,"Pizza, Pasta, Wings",
REST0103,Pizza Hut,"1 Diamond Causeway, Savannah",912-356-5800,,https://www.pizzahut.com,"Pizza, Pasta, Wings",
REST0104,Pizza Hut,"5730 Ogeechee Rd, Savannah",912-233-2886,,https://www.pizzahut.com,"Pizza, Pasta, Wings",
REST0105,Pizza Hut,"40 E De Renne St, Savannah",912-353-8300,,https://www.pizzahut.com,"Pizza, Pasta, Wings",
REST0106,Pizza Hut,"4717 US Hwy 80 E, Savannah",912-898-1213,,https://www.pizzahut.com,"Pizza, Pasta, Wings",
REST0107,Pizza Hut,"1451 Hwy 21 S, Springfield",912-754-1505,,https://www.pizzahut.com,"Pizza, Pasta, Wings",
REST0108,Pizza Hut,"2433 Boundary St, Beaufort",843-524-7948,,https://www.pizzahut.com,"Pizza, Pasta, Wings",
REST0109,Pizza Hut,"1281 Ribault Rd, Beaufort",843-524-6149,,https://www.pizzahut.com,"Pizza, Pasta, Wings",
REST0110,Pizza Hut,"4021 Augusta Rd, Garden City",912-964-7773,,https://www.pizzahut.com,"Pizza, Pasta, Wings",
REST0111,Pizza Hut,"456 William Hilton Pkwy, Hilton Head Island",843-681-9100,,https://www.pizzahut.com,"Pizza, Pasta, Wings",
REST0112,Pizza Hut,"11510 Abercorn St, Savannah",912-925-2380,,https://www.pizzahut.com,"Pizza, Pasta, Wings",
REST0113,Popeye's Famous Fried Chicken & Biscuits,"2060 E Victory Dr Savannah, GA",238-0420,,,Fried Chicken / Fast Food,
REST0114,Popeye's Famous Fried Chicken & Biscuits,"605 Martin Luther King Blvd Savannah, GA",233-1294,,,Fried Chicken / Fast Food,
REST0115,Popeye's Famous Fried Chicken & Biscuits,"2514 Bull St Savannah, GA",234-6028,,,Fried Chicken / Fast Food,
REST0116,Sakura Japanese Restaurant (Southside),"8465 Waters Ave Savannah, GA",234-7888,,,Japanese,
REST0117,Sakura Japanese Restaurant (Southside),"5730 Ogeechee Ave Suite 470 Savannah, GA",351-9300,,,Japanese,
REST0118,Sakura Plate Japanese Restaurant,"1190 King George Blvd Savannah, GA",961-0071,,,Japanese,
REST0119,Salsarita,"5205 Waters Ave Savannah, GA",355-5595,,,Mexican,
REST0120,Saltwater Grille,"7000 LaRoche Ave Savannah, GA",352-8221,,,Seafood,
REST0121,Savannah Mall,"Savannah, GA",925-1666,,,,
REST0122,Shellhouse Restaurant,"8 Gateway Blvd W Savannah, GA",927-3280,,,Seafood,
REST0123,Shrimp Factory,"313 E River St Savannah, GA",236-4229,"Lunch served until 4pm, Dinner starts at 4pm Daily",TheShrimpFactory.com,Seafood,
REST0124,Snazzy’s Hot Wings & Sassy Things,"101 Godley Station Blvd, Pooler, GA",988-1561,Mon–Thu 11am–12am; Fri–Sat 11am–1am,,Wings / Sports Bar,
REST0125,Sting Ray’s Seafood,"1403 Butler Ave, Tybee Island, GA",786-0209,Lunch & Dinner,,Seafood,
REST0126,Subway,"31 Fort Argyle Rd, Savannah, GA",925-1802,,,Fast Food,
REST0127,Subway,"440 Johnny Mercer Blvd, Savannah, GA",897-9615,,,Fast Food,
REST0128,Subway,"440 Johnny Mercer Blvd, Savannah, GA",927-8450,,,Fast Food,
REST0129,Taco Bell,"382 Mall Blvd, Savannah, GA",355-5225,,,Fast Food,
REST0130,Tangerine Fusion & Sushi Bar,"11215 Abercorn St, Savannah, GA",920-5504,Dinner,,Sushi / Asian Fusion,
REST0131,Tanner’s Taste of Chicago Restaurant,"21 E Broughton St, Savannah, GA",232-8111,Lunch & Dinner,,Chicago Style / American,
REST0132,The Exchange Tavern & Restaurant,"6710 Waters Ave., Savannah, GA",542-1148,Lunch & Dinner,,American / Tavern,
REST0133,Troy Mediterranean Restaurant,"10510 Abercorn St Ste D, Savannah, GA",912-5117,,,Mediterranean,
REST0134,Troy Mediterranean Restaurant,"348 Johnny Mercer Blvd, Savannah, GA",898-5080,,,Mediterranean,
REST0135,Uncle Bubba’s Seafood & Oyster House,"104 Bryan Woods Rd, Savannah, GA",897-6101,,,Seafood,
REST0136,Vic’s On The River,"26 E Bay St, Savannah, GA",721-1000,daily-lunch & dinner,vicsontheriver.com,Contemporary Southern,
REST0137,Waffle House,"3711 Ogeechee Rd, Savannah, GA",233-4480,,,American,
REST0138,Waffle House,"4610 Augusta Rd, Savannah, GA",964-7657,,,American,
REST0139,Waffle House,"6941 Highway 21, Port Wentworth",964-5588,,,American,
REST0140,Waffle House,"2-A W Gateway Blvd, Savannah",920-4420,,,American,
REST0141,Walls Bar B Que,"515 E York Ln, Savannah, GA",232-9754,,,BBQ,
REST0142,WANG'S II CHINESE RESTAURANT,"2001 Waters Av, Savannah, GA",355-0081,,,Chinese,
REST0143,Your Pie,"110 W Bryan St, Savannah, GA",234-2433,,,Pizza,
REST0144,Your Pie,"7360 Skidaway Rd, Savannah, GA",697-1123,,,Pizza,
REST0145,YUMMY CAFE,"4395 Ogeechee Rd, Savannah, GA",201-3727,,,Asian,
REST0146,Yummy House,"111 Jazie Dr, Savannah, GA",897-1900,,,Chinese,
REST0147,Yummy House In Pooler,"111 Canal St, Pooler",450-9866,,,Chinese,
REST0148,Yutaka Japanese Restaurant,"5200 Augustan Rd, Garden City",964-2828,,,Japanese,
